"I1 [A]","I2 [A]","Freq [MHz]","SolidLoss [mW]"
0,1,1E-07,18.54934408
0,1,1E-06,18.54934408
0,1,1,29.63966055
1,-1,1E-07,61.21489136
1,-1,1E-06,61.21489136
1,-1,1,80.9159059
1,0,1E-07,42.68709105
1,0,1E-06,42.68709105
1,0,1,84.32089417
1,1,1E-07,61.26786373
1,1,1E-06,61.26786373
1,1,1,146.7748684
